Added,Audience Rating,Country,Title,Tagline,Writers,Year,Duration,View Count,Summary,Directors,Studio,Sort title,Release Date,Roles,Labels,Rating,Original Title,Genre,Content Rating
2021-00-21 21:14:35,"8.8","Japan","5 Centimeters per Second","At what speed must I live to see you again?","Makoto Shinkai","2007",1:03:46,"N/A","Told in three interconnected segments, we follow a young man named Takaki through his life as cruel winters, cold technology, and finally, adult obligations and responsibility converge to test the delicate petals of love.","Makoto Shinkai","CoMix Wave Films","N/A","2007-03-03","Kenji Mizuhashi-Yoshimi Kondou-Satomi Hanamura-Risa Mizuno-Ayaka Onoue-Hiroshi Shimozaki-Masami Iwasaki-Rei Kondo-Takahiro Hirano-Yuko Nakamura-Yuka Terasaki-Akira Nakagawa-Keiko Izeki-Suguru Inoue-Rion Kako-Rika Nakamura-Miki Suga-Mika Sakenobe-Yumiko Atashika-Yukako Saito",N/A,"N/A","秒速5センチメートル","Animation-Drama-Romance-Family-Action","TV-PG"
2021-00-21 21:14:47,"N/A",N/A,"Afro Samurai the Movie","N/A",N/A,"2007",1:52:09,"1","A movie adaptation of the TV series.",N/A,"N/A","N/A","2007-10-27",N/A,N/A,"N/A","AFRO SAMURAI　劇場版",N/A,"N/A"
2021-00-21 21:14:51,"7.2","United States of America-Japan","Afro Samurai: Resurrection","There s no such thing as final vengeance!","Eric S. Calderon-Eric Garcia-Yasuyuki Mutou","2009",1:41:33,"1","Afro Samurai avenged his father and found a life of peace. But the legendary master is forced back into the game by a beautiful and deadly woman from his past. The sparks of violence dropped along Afro’s bloody path now burn out of control – and nowhere are the flames of hatred more intense than in the eyes of Sio.","Fuminori Kizaki","Fuji Television Network","N/A","2009-01-25","Samuel L. Jackson-Lucy Liu-Yuri Lowenthal-Mark Hamill-Jeff Bennett-S. Scott Bullock-Grey DeLisle-Greg Eagles-Zachary Gordon-Liam O Brien-Phil LaMarr-Ariel Winter-Dave Wittenberg-RZA",N/A,"N/A","N/A","Animation-Science Fiction-Fantasy-Drama-Action-Adventure","NR"
2021-00-21 21:14:45,"9","Japan","Akira","Neo-Tokyo is about to E.X.P.L.O.D.E.","Katsuhiro Otomo-Izo Hashimoto","1988",2:04:27,"1","A secret military project endangers Neo-Tokyo when it turns a biker gang member into a rampaging psychic psychopath who can only be stopped by a teenager, his gang of biker friends and a group of psychics.","Katsuhiro Otomo","Akira Committee Company Ltd.","N/A","1988-07-16","Mitsuo Iwata-Nozomu Sasaki-Mami Koyama-Tesshou Genda-Hiroshi Ohtake-Kōichi Kitamura-Yuriko Fuchizaki-Masaaki Okura-Takeshi Kusao-Kazuhiro Kamifuji-Tatsuhiko Nakamura-Fukue Itô-Yuka Ôno",N/A,"9","アキラ","Science Fiction-Animation-Action-Drama-Fantasy-Thriller-Anime","R"
2021-00-21 21:13:20,"7.8","Japan-United States of America","The Animatrix","Free your mind.","Koji Morimoto-Peter Chung-Yoshiaki Kawajiri-Shinichiro Watanabe","2003",1:41:51,"N/A","Straight from the creators of the groundbreaking Matrix trilogy, this collection of short animated films from the world s leading anime directors fuses computer graphics and Japanese anime to provide the background of the Matrix universe and the conflict between man and machines. The shorts include Final Flight of the Osiris, The Second Renaissance, Kid s Story, Program, World Record, Beyond, A Detective Story and Matriculated.","Koji Morimoto-Peter Chung-Andrew R. Jones-Yoshiaki Kawajiri-Takeshi Koike-Mahiro Maeda-Shinichiro Watanabe","Silver Pictures","Animatrix","2003-06-03","Keanu Reeves-Carrie-Anne Moss-Clayton Watson-Pamela Adlon-Melinda Clarke-John DiMaggio-Kevin Michael Richardson-Tom Kenny-Rick Gomez-Tara Strong-Bette Ford-Julia Fletcher-Dane A. Davis-Debi Derryberry-Jill Talley-Dwight Schultz-James Arnold Taylor-John DeMita-Hedy Burress-Phil LaMarr-Victor Williams-John Wesley-Alex Fernandez-Allison Smith-Matt McKenzie-Tress MacNeille-Kath Soucie-Terrence  T.C.  Carson-Rodney Saulsberry-Olivia d Abo-Jack Fletcher-Akio Otsuka",N/A,"8.9","N/A","Animation-Science Fiction-Action-Adventure","PG-13"
2021-00-21 21:14:40,"7.1","China","Big Fish & Begonia","Two worlds. One destiny.","Liang Xuan","2016",1:45:21,"N/A","A 16-year-old girl travels to the human world in the form of a dolphin and forms a connection with a human boy.","Liang Xuan-Zhang Chun","Studio Mir","N/A","2016-07-08","Ji Guanlin-Pan Shulan-Su Shangqing-Timmy Xu-Chin Shih-Chieh-Jiu er-Xang Yuanyuan-Xue Lifang-Zhang Jie",N/A,"9.1","大鱼海棠","Romance-Animation-Adventure-Fantasy-Drama-Family","PG-13"
2021-00-21 21:14:37,"7.3","United States of America-Japan","Blade Runner: Black Out 2022","N/A","Shinichiro Watanabe","2017",0:15:07,"1","This animated short revolves around the events causing an electrical systems failure on the west coast of the US. According to Blade Runner 2049’s official timeline, this failure leads to cities shutting down, financial and trade markets being thrown into chaos, and food supplies dwindling. There’s no proof as to what caused the blackouts, but Replicants — the bio-engineered robots featured in the original Blade Runner, are blamed.","Shinichiro Watanabe","Alcon Entertainment","N/A","2017-09-26","Jovan Jackson-Luci Christian-Edward James Olmos-David Anthony Matranga-Joel McCrary-Bryson Bauguss-Jay Hickman",N/A,"N/A","ブレードランナー ブラックアウト 2022","Animation-Short-Action-Science Fiction","PG-13"
2021-00-21 21:14:31,"9.1","Japan","Castle in the Sky","One day, a girl came down from the sky…","Hayao Miyazaki","1986",2:05:34,"1","A young boy stumbles into a mysterious girl who floats down from the sky. The girl, Sheeta, was chased by pirates, army and government secret agents. In saving her life, they begin a high flying adventure that goes through all sorts of flying machines, eventually searching for Sheeta s identity in a floating castle of a lost civilization.","Hayao Miyazaki","Studio Ghibli","N/A","1986-08-02","Keiko Yokozawa-Mayumi Tanaka-Minori Terada-Kotoe Hatsui-Fujio Tokita-Ichirō Nagai-Hiroshi Ito-Machiko Washio-Takumi Kamiyama-Yoshito Yasuhara-Sukekiyo Kameyama-Eken Mine-Tarako-Masashi Sugawara-Reiko Suzuki-Toshihiko Seki-Hochu Otsuka-Megumi Hayashibara-Tomomichi Nishimura",N/A,"9.6","天空の城ラピュタ","Adventure-Action-Fantasy-Animation-Family-Romance-Drama-Science Fiction","PG"
2021-00-21 21:13:16,"8.2","Japan","The Cat Returns","It’s not so bad being a cat, now is it?","Hiroyuki Morita-Reiko Yoshida-Aoi Hiiragi","2002",1:15:04,"N/A","Haru, a schoolgirl bored by her ordinary routine, saves the life of an unusual cat and suddenly her world is transformed beyond anything she ever imagined. The Cat King rewards her good deed with a flurry of presents, including a very shocking proposal of marriage to his son! Haru embarks on an unexpected journey to the Kingdom of Cats where her eyes are opened to a whole other world.","Hiroyuki Morita","Studio Ghibli","Cat Returns","2002-07-19","Chizuru Ikewaki-Yoshihiko Hakamada-Aki Maeda-Takayuki Yamada-Hitomi Satô-Kenta Satoi-Mari Hamada-Tetsu Watanabe-Yousuke Saito-Kumiko Okae-Tetsurō Tamba-Yo Oizumi-Yoko Honna-Ken Yasuda",N/A,"8.8","猫の恩返し","Adventure-Fantasy-Animation-Drama-Family-Comedy-Romance","G"
2021-00-21 21:14:30,"6.9","Japan","Children Who Chase Lost Voices","A journey to say goodbye.","Makoto Shinkai","2011",1:56:07,"N/A","A coming of age story involving young love and a mysterious music, coming from a crystal radio left as a memento by an absent father, that leads a young heroine deep into a hidden world.","Makoto Shinkai","CoMix Wave Films","N/A","2011-05-07","Hisako Kanemoto-Kazuhiko Inoue-Miyu Irino-Rina Hidaka-Fumiko Orikasa-Sumi Shimamoto-Junko Takeuchi-Kanae Ito-Tamio Ohki-Aki Kanada-Ai Horanai-Saya Horigome-Mayumi Tsuchiya-Tomomi Saito-Takeshi Maeda-Risa Mizuno-Yuuna Inamura-Yuka Terasaki",N/A,"N/A","星を追う子ども - Children who Chase Lost Voices from Deep Below","Animation-Drama-Adventure-Fantasy-Anime","PG"
2021-00-21 21:14:27,"8.6","Japan","Evangelion: 1.0 You Are (Not) Alone","The rebuild of the groundbreaking giant robot anime (USA / Canada DVD / Blu-Ray Box Cover)","Hideaki Anno","2007",1:41:58,"1","The fate of the world is threatened by seemingly monstrous entities known as Angels. NERV is an organisation set up to counter this threat and it is up to young pilots to protect Earth but exactly what are the real motives behind NERV?","Hideaki Anno","khara","N/A","2007-09-01","Megumi Ogata-Megumi Hayashibara-Kotono Mitsuishi-Yuriko Yamaguchi-Akira Ishida-Fumihiko Tachiki-Motomu Kiyokawa-Miki Nagasawa-Takehito Koyasu-Tomokazu Seki-Hiro Yuuki-Tetsuya Iwanaga-Junko Iwao-Mugihito",N/A,"6.7","ヱヴァンゲリヲン新劇場版：序","Science Fiction-Action-Drama-Animation","PG-13"
2021-00-21 21:14:35,"8.9","Japan","Evangelion: 2.0 You Can (Not) Advance","In the War Between Heaven and Earth, Salvation is Machine.","Hideaki Anno","2009",1:52:08,"1","Under constant attack by Angels, NERV introduces two new pilots: the mysterious Makinami Mari Illustrous and the intense Asuka Langley Shikinami. Parallel to the incursion, Gendo Ikari and SEELE proceed the secret project that involves both Rei and Shinji.","Hideaki Anno","khara","N/A","2009-06-27","Megumi Ogata-Megumi Hayashibara-Yuko Miyamura-Maaya Sakamoto-Kotono Mitsuishi-Yuriko Yamaguchi-Koichi Yamadera-Fumihiko Tachiki-Motomu Kiyokawa-Miki Nagasawa-Takehito Koyasu-Hiro Yuuki-Tomokazu Seki-Tetsuya Iwanaga-Junko Iwao-Mugihito",N/A,"7.8","ヱヴァンゲリヲン新劇場版：破","Science Fiction-Action-Drama-Animation","NR"
2021-00-21 21:14:34,"8.9","Japan","Evangelion: 3.0 You Can (Not) Redo","What was destroyed can (not) be rebuilt.","Hideaki Anno","2012",1:37:59,"1","14 years have passed since the near third impact. Most of the world has changed except Shinji Ikari who awakens, unaged in a new and strange environment. Misato has formed a group that has is separate from Nerv. The fight is far from over but the biggest struggle might be against humans and former allies.","Hideaki Anno","khara","N/A","2012-11-17","Megumi Ogata-Akira Ishida-Yuko Miyamura-Megumi Hayashibara-Kotono Mitsuishi-Yuriko Yamaguchi-Maaya Sakamoto-Fumihiko Tachiki-Motomu Kiyokawa-Mariya Ise-Miyuki Sawashiro-Takehito Koyasu-Akio Otsuka-Anri Katsu-Hiro Yuuki-Sayaka Ohara-Miki Nagasawa-Mugihito",N/A,"N/A","ヱヴァンゲリヲン新劇場版:Q","Science Fiction-Drama-Action-Animation","TV-14"
2021-00-21 21:14:32,"6.5","China-Japan","Flavors of Youth","N/A","Tyler Rhoads","2018",1:14:08,"N/A","Three different stories of youth set in different cities of China.","Yoshitaka Takeuchi-Xiaoxing Yi-Li Haoling","CoMix Wave Films","N/A","2018-08-04","Taito Ban-Mariya Ise-Minako Kotobuki-Haruka Shiraishi-Hiroki Yasumoto-Takeo Otsuka-Ikumi Hasegawa",N/A,"8","肆式青春","Romance-Drama-Animation","PG-13"
2021-00-21 21:14:15,"7.9","Japan","From Up on Poppy Hill","I look up as I walk...","Hayao Miyazaki-Keiko Niwa-Chizuru Takahashi-Tetsurô Sayama","2011",1:31:51,"1","A group of Yokohama students fight to save their school s clubhouse from the wrecking ball during preparations for the 1964 Tokyo Olympic Games. While working there, Umi and Shun gradually attract each other, but face a sudden trial. Even so, they keep going without fleeing the difficulties of reality.","Goro Miyazaki","Studio Ghibli","N/A","2011-07-16","Masami Nagasawa-Junichi Okada-Keiko Takeshita-Yuriko Ishida-Rumi Hiiragi-Jun Fubuki-Takashi Naitō-Shunsuke Kazama-Nao Omori-Teruyuki Kagawa-Haruka Shiraishi-Tsubasa Kobayashi-Aoi Teshima-Goro Miyazaki",N/A,"8.6","コクリコ坂から","Animation-Drama-Family-Romance-Anime","PG"
2021-00-21 21:13:50,"8.3","Japan","The Garden of Words","Lost in life. Found in love.","Makoto Shinkai","2013",0:46:01,"N/A","Takao, who dreams of becoming a shoemaker, skips school and is sketching shoes in a garden in the middle of Tokyo. He meets a mysterious woman, Yukino, who is older than him. Then, without arranging the times, the two start to see each other again and again, but only on rainy days.","Makoto Shinkai","CoMix Wave Films","Garden of Words","2013-05-31","Miyu Irino-Kana Hanazawa-Fumi Hirano-Takeshi Maeda-Yuka Terasaki-Takanori Hoshino-Suguru Inoue-Megumi Han-Mikako Komatsu-Yuki Hayashi-Wataru Sekine-Risa Mizuno-Hiroshi Shimozaki-Kuniko Ishijima-Taishi Murata-Azusa Tadokoro",N/A,"N/A","言の葉の庭","Anime-Drama-Romance-Animation","PG-13"
2021-00-21 21:14:09,"8.9","Japan","Ghost in the Shell","It found a voice... Now it needs a body.","Mamoru Oshii-Kazunori Ito-Masamune Shirow","1995",1:23:40,"1","In the year 2029, the barriers of our world have been broken down by the net and by cybernetics, but this brings new vulnerability to humans in the form of brain-hacking. When a highly-wanted hacker known as  The Puppetmaster  begins involving them in politics, Section 9, a group of cybernetically enhanced cops, are called in to investigate and stop the Puppetmaster.","Mamoru Oshii","Bandai Visual","N/A","1995-11-18","Atsuko Tanaka-Akio Otsuka-Iemasa Kayumi-Koichi Yamadera-Yutaka Nakano-Tesshou Genda-Naruki Masahisa-Masato Yamanouchi-Mitsuru Miyamoto-Kazuhiro Yamaji-Shigeru Chiba-Hiroshi Yanaka-Takashi Matsuyama-Sanryô Odaka-Atsuko Hayashida-Toshiki Kameyama-Atsushi Goto-Maaya Sakamoto-Masamichi Sato-Tamio Ohki-Shinji Ogawa-Yuji Ueda-Ginzo Matsuo",N/A,"9.6","GHOST IN THE SHELL","Action-Animation-Crime-Drama-Mystery-Thriller-Science Fiction","NR"
2021-00-21 21:13:16,"9","Japan","The Girl Who Leapt Through Time","There is a future that we can t wait for.","Mamoru Hosoda","2006",1:38:24,"N/A","A high-school girl named Makoto acquires the power to travel back in time, and decides to use it for her own personal benefits. Little does she know that she is affecting the lives of others just as much as she is her own.","Mamoru Hosoda","Madhouse","Girl Who Leapt Through Time","2006-07-15","Riisa Naka-Takuya Ishida-Mitsutaka Itakura-Ayami Kakiuchi-Mitsuki Tanimura-Yuki Sekido-Utawaka Katsura-Midori Ando-Fumihiko Tachiki-Keiko Yamamoto-Shiori Yokohari-Sonoka Matsuoka-Takayuki Handa-Maho Kurashima-Taeko Hase-Keiko Aizawa-Kiyomi Tanigawa-Atsuko Yuya-Hiroshi Kudo-Arashi Matsutani-Fumiya Togawa-Yumi Kawaguchi-Atsushi Sato-Yuji Tanaka-Tsubasa Ueda-Shouya Sugiyama-Teppei Takayama-Fuijo Chiba-Haruki Watanabe-Nagisa Adaniya-Mami Tokuyama-Sayaka Yoshida-Yōji Matsuda-Tadashi Nakamura-Sachie Hara",N/A,"8.3","時をかける少女","Comedy-Mystery-Romance-Science Fiction-Drama-Animation-Fantasy-Adventure-Family","Not Rated"
2021-00-21 21:14:24,"9.5","Japan","Grave of the Fireflies","A young boy and his little sister struggle to survive in Japan during World War II.","Isao Takahata-Akiyuki Nosaka","1988",1:29:34,"1","The story of Seita and Setsuko, two young Japanese siblings, living in the declining days of World War II. When an American firebombing separates the two children from their parents, the two siblings must rely completely on one another while they struggle to fight for their survival.","Isao Takahata","Studio Ghibli","N/A","1988-04-16","Tsutomu Tatsumi-Ayano Shiraishi-Yoshiko Shinohara-Akemi Yamaguchi",N/A,"10","火垂るの墓","Animation-Drama-War-Anime","Not Rated"
2021-00-21 21:13:55,"9.3","Japan","Howl s Moving Castle","The two lived there.","Hayao Miyazaki-Diana Wynne Jones","2004",1:59:09,"1","When an unconfident young woman is cursed with an old body by a spiteful witch, her only chance of breaking the spell lies with a self-indulgent yet insecure young wizard and his companions in his legged, walking castle.","Hayao Miyazaki","Studio Ghibli","N/A","2004-11-20","Chieko Baisho-Takuya Kimura-Akihiro Miwa-Tatsuya Gashūin-Ryunosuke Kamiki-Haruko Kato-Yayoi Kazuki-Mayuno Yasokawa-Yo Oizumi-Rio Kanno-Akio Otsuka-Daijirō Harada",N/A,"8.7","ハウルの動く城","Family-Animation-Adventure-Fantasy","PG"
2021-00-21 21:13:54,"9.2","Japan","In This Corner of the World","Torn apart by war. Brought together by love.","Chie Uratani","2016",2:10:42,"N/A","Set in Hiroshima during World War II, an eighteen-year-old girl gets married and now has to prepare food for her family despite the rationing and lack of supplies. As she struggles with the daily loss of life s amenities she still has to maintain the will to live.","Sunao Katabuchi","GENCO","N/A","2016-11-12","Non-Daisuke Ono-Mayumi Shintani-Megumi Han-Minori Omi-Natsuki Inaba-Shigeru Ushiyama-Yoshimasa Hosoya-Hiromi Seta-Hisako Kyoda-Kikuyo Semi-Kotone Tachibana-Masumi Tsuda-Nanase Iwai-Nozomu Sasaki-Tomoko Shiota-Tsuyoshi Koyama",N/A,"9.8","この世界の片隅に","Anime-Drama-War-Family-Animation-History-Romance","PG-13"
2021-00-21 21:13:52,"8.8","Japan","Kiki s Delivery Service","I was feeling blue, but I m better now.","Hayao Miyazaki-Eiko Kadono","1989",1:43:03,"1","This is the story of a young witch, named Kiki who is now 13 years old. But she is still a little green and plenty headstrong, but also resourceful, imaginative, and determined. With her trusty wisp of a talking cat named Jiji by her side she s ready to take on the world, or at least the quaintly European seaside village she s chosen as her new home.","Hayao Miyazaki","Studio Ghibli","N/A","1989-07-29","Minami Takayama-Rei Sakuma-Kappei Yamaguchi-Keiko Toda-Mieko Nobusawa-Kôichi Miura-Haruko Kato-Hiroko Seki-Yuriko Fuchizaki-Koichi Yamadera-Kikuko Inoue-Yuuko Kobayashi-Mika Doi-Takaya Hashi-Chika Sakamoto-Toshiko Asai-Hiroko Maruyama-Shinpachi Tsuji-Yûko Maruyama-Masa Saitō-Yûko Tsuga-Tomomichi Nishimura-Akio Otsuka-Yoshiko Kamei",N/A,"9.8","魔女の宅急便","Animation-Adventure-Drama-Fantasy-Family","G"
2021-00-21 21:13:51,"6.7","Japan","Kite","Dangerous things come in small packages...","Yasuomi Umetsu","1998",0:48:35,"1","Sawa may seem innocent and naive, but don’t be fooled. She is a cold-blooded killer, and if you’re on the wrong side of the law, you may be her next target. Not content to just watch as the imperfect justice system lets more and more criminals go loose every day, a detective decides to train the young Sawa to be his instrument of justice.","Yasuomi Umetsu","ARMS","N/A","1998-02-25","Kotomi Naruse-Shingo Oyamada-Gorou Shibusawa-Tatsuo Matoba-Hiroshi Aida-Nobuyuki Takano-Douglas Cartwright-William Rain-Gary Wynn-Jones-Michiko Yamaguchi-Naho Hirokawa-Itsumi Sawada-Jackie Sylvester-Richard O Sallivan-Tomoko Furakawa-Takayuki Hiramatsu",N/A,"N/A","カイト","Animation-Crime-Action-Thriller","N/A"
2021-00-21 21:13:13,"5.3","Japan","The Life of Guskou Budori","N/A","Gisaburō Sugii","2012",1:49:05,"N/A","Budori Gusukô lives happily with his little sister, father, and mother. When the cold hits the Ihatov Forest they are invaded and, with his family killed, he is left alone. He begins working in a geological laboratory and attempts to move forward, but, with another spell of cold coming, he knows he has to make sure what happened before is not repeated.","Gisaburō Sugii","Tezuka Productions","Life of Guskou Budori","2012-07-07","Shun Oguri-Shiori Kutsuna",N/A,"N/A","グスコーブドリの伝記","Animation-Family-Fantasy-Drama-Adventure","TV-14"
2021-00-21 21:13:18,"8.8","Japan","Lupin the Third: The Castle of Cagliostro","A Miyazaki classic returns the way it was meant to be seen!","Hayao Miyazaki-Maurice Leblanc-Haruya Yamazaki-Kazuhiko Kato","1979",1:40:30,"N/A","A dashing thief, his gang of desperadoes and an intrepid policeman struggle to free a princess from an evil count s clutches, and learn the hidden secret to a fabulous treasure that she holds part of a key to.","Hayao Miyazaki","TMS Entertainment","N/A","1979-12-15","Yasuo Yamada-Eiko Masuyama-Kiyoshi Kobayashi-Gorō Naya-Sumi Shimamoto-Taro Ishida-Akio Nojima-Eken Mine-Ichirō Nagai-Junkichi Yarita-Kinpei Azusa-Kōhei Miyauchi-Mikio Terashima-Minoru Midorikawa-Osamu Saka-Shigeharu Matsuda-Shozo Hirabayashi-Tadamichi Tsuneizumi-Yoko Yamaoka-Makio Inoue",N/A,"9.5","ルパン三世 カリオストロの城","Comedy-Crime-Family-Animation-Action-Adventure-Fantasy","PG"
2021-00-21 21:13:47,"8.7","Japan","Maquia: When the Promised Flower Blooms","In a world where love is forbidden... they will find love.","Mari Okada-Iorph","2018",1:55:49,"N/A","Escaping war, a young girl finds a lone surviving infant and decides to raise him as her son.","Mari Okada","P.A.Works","N/A","2018-02-24","Manaka Iwami-Miyu Irino-Tomokazu Sugita-Yoshimasa Hosoya-Miyuki Sawashiro-Rina Sato-Ai Kayano-Hiroaki Hirata-Yoko Hikasa-Misaki Kuno-Yuki Kaji",N/A,"10","さよならの朝に約束の花をかざろう","Animation-Drama-Fantasy-Family-Adventure-Romance-Anime","NR"
2021-00-21 21:13:45,"6.6","Japan","Modest Heroes","N/A","Hiromasa Yonebayashi-Yoshiyuki Momose-Akihiko Yamashita","2018",0:53:29,"N/A","An anthology of three original shorts written and directed by Hiromasa Yonebayashi, Yoshiyuki Momose and Akihiko Yamashita.","Hiromasa Yonebayashi-Yoshiyuki Momose-Akihiko Yamashita","Toho Co.","N/A","2018-08-24","Min Tanaka-Kentaro Sakaguchi-Joe Odagiri-Fumino Kimura-Rio Suzuki-Machiko Ono-Souta Shinohara",N/A,"N/A","ちいさな英雄－カニとタマゴと透明人間－","Family-Fantasy-Drama-Animation-Adventure","PG"
2021-00-21 21:13:43,"8.9","Japan","My Hero Academia: Two Heroes","Who is your hero?","Yosuke Kuroda-Kohei Horikoshi-Hitoshi Nagai","2018",1:36:52,"N/A","All Might and Deku accept an invitation to go abroad to a floating and mobile manmade city, called  I-Island , where they research quirks as well as hero supplemental items at the special  I-Expo  convention that is currently being held on the island. During that time, suddenly, despite an iron wall of security surrounding the island, the system is breached by a villain, and the only ones able to stop him are the students of Class 1-A.","Kenji Nagasaki","BONES","N/A","2018-08-03","Daiki Yamashita-Kenta Miyake-Katsuhisa Namase-Mirai Shida-Nobuhiko Okamoto-Yuki Kaji-Ayane Sakura-Kaito Ishikawa-Toshiki Masuda-Ryo Hirohashi-Tasuku Hatanaka-Marina Inoue-Aoi Yuki-Kei Shindo-Rikiya Koyama-Eri Kitamura-Kaori Nazuka-Mitsuru Ogata-Akio Otsuka-Daigo Yamamoto-Nobuyuki Hayakawa-Genta Aoki-Mami Sugino-Kensuke Sato-Keiji Hirai-Tomomi Kawamura-Kiyotaka Furushima-Tooru Nara-Masakazu Nishida-Yoshimasa Hosoya-Ryohei Kimura-Kenichi Mochizuki-Misuzu Togashi-Takayuki Masuda-Aya Kawakami-Masaya Fukunishi-Wakana Minami-Ryota Iwasaki-Haruka Shamoto-Takahiro Sumi-Hiroaki Okuda-Ayako Kamegai-Aisun Kochu-Ai Kobayashi-Atsuhiro Saito-Risa Joji-Youko Taniguchi-Yuuya Tabata-Honoka Tsumita-Asami Namiki-Yuka Hojo-Yukiko Yamashita",N/A,"10","僕のヒーローアカデミア THE MOVIE ～2人の英雄～","Action-Adventure-Animation-Fantasy-Science Fiction-Comedy","PG-13"
2021-00-21 21:14:08,"9.4","Japan","My Neighbor Totoro","N/A","Hayao Miyazaki","1988",1:26:25,"1","Two young girls, 10-year-old Satsuki and her 4-year-old sister Mei, move into a house in the country with their father to be closer to their hospitalized mother. Satsuki and Mei discover that the nearby forest is inhabited by magical creatures called Totoros (pronounced toe-toe-ro). They soon befriend these Totoros, and have several magical adventures.","Hayao Miyazaki","Studio Ghibli","N/A","1988-04-16","Noriko Hidaka-Hitoshi Takagi-Chika Sakamoto-Shigesato Itoi-Sumi Shimamoto-Tanie Kitabayashi-Masashi Hirose-Yûko Maruyama-Shigeru Chiba-Toshiyuki Amagasa",N/A,"9.4","となりのトトロ","Family-Animation-Fantasy","G"
2021-00-21 21:14:07,"7.5","Japan","My Neighbors the Yamadas","The safety of family is the wish of the world","Isao Takahata-Hisaichi Ishii","1999",1:44:53,"N/A","The Yamadas are a typical middle class Japanese family in urban Tokyo and this film shows us a variety of episodes of their lives. With tales that range from the humourous to the heartbreaking, we see this family cope with life s little conflicts, problems and joys in their own way.","Isao Takahata","Studio Ghibli","N/A","1999-07-17","Hayato Isohata-Masako Araki-Naomi Uno-Tôru Masuoka-Yukiji Asaoka-Akiko Yano-Kosanji Yanagiya-Tamao Nakamura-Chôchô Miyako",N/A,"7.8","ホーホケキョ となりの山田くん","Animation-Family-Comedy","PG"
2021-00-21 21:14:07,"9.6","Japan","Nausicaä of the Valley of the Wind","A young girl s love called forth miracles…","Hayao Miyazaki","1984",1:57:02,"N/A","An animated fantasy-adventure. Set one thousand years from now, the Earth is ravaged by pollution and war. In the Valley of the Wind lives Nausicaä, Princess of her people. Their land borders on a toxic jungle, filled with dangerous over-sized insects. Meanwhile, two nearby nations are bitterly engaged in a war and the Valley of the Wind is stuck in the middle.","Hayao Miyazaki","Topcraft","Nausicaa of the Valley of the Wind","1984-03-11","Sumi Shimamoto-Ichirō Nagai-Gorō Naya-Yōji Matsuda-Yoshiko Sakakibara-Iemasa Kayumi-Hisako Kyoda-Mahito Tsujimura-Mina Tominaga-Kōhei Miyauchi-Joji Yanami-Minoru Yada-Rihoko Yoshida-Tetsuo Mizutori-Masako Sugaya-Takako Sasuga-Chika Sakamoto-Tarako-Mugihito-Akiko Tsuboi-Takeki Nakamura-Takako Ôta-Bin Shimada-Shinji Nomura-Hisako Ayuhara-Hochu Otsuka-Glüme Harlow",N/A,"N/A","風の谷のナウシカ","Adventure-Fantasy-Animation-Science Fiction","PG"
2021-00-21 21:13:13,"8.5","Japan","Neon Genesis Evangelion: The End of Evangelion","The fate of destruction is also the joy of rebirth","Hideaki Anno","1997",1:27:06,"1","After the defeat of the final Angel, Shinji Ikari falls into a deep depression. When SEELE orders the JSSDF to make a surprise attack on NERV s headquarters, Gendo Ikari retreats down into Terminal Dogma along with Rei Ayanami, where he begins to advance his own plans for the Human Instrumentality Project. Eventually, Shinji is pushed to the limits of his sanity as he is forced to decide the fate of humanity.","Hideaki Anno-Kazuya Tsurumaki","GAINAX","N/A","1997-07-19","Megumi Ogata-Megumi Hayashibara-Kotono Mitsuishi-Yuko Miyamura-Fumihiko Tachiki-Miki Nagasawa-Takehito Koyasu-Hiro Yuuki-Yuriko Yamaguchi-Motomu Kiyokawa-Akira Ishida-Mugihito",N/A,"8.8","新世紀エヴァンゲリオン劇場版 Air／まごころを、君に","Science Fiction-Action-Anime-Animation-Drama-Fantasy","TV-MA"
2021-00-21 21:14:05,"7.5","Japan","No Game No Life: Zero","N/A","Jukki Hanada","2017",1:46:20,"N/A","Adaption of the sixth Light Novel of series, it follows the story of two new characters - Riku and Shuvi - during the events of the Ancient War, prior to the 10 pledges.","Atsuko Ishizuka","Madhouse","N/A","2017-07-15","Yoko Hikasa-Ai Kayano-Yoshitsugu Matsuoka-Kazuyuki Okitsu-Ryota Takeuchi-Yui Horie-Junichi Suwabe-Miyuki Sawashiro-Yukari Tamura-Lynn-Mamiko Noto-Nanako Mori-Rie Kugimiya-Yuka Iguchi-Toru Okawa",N/A,"N/A","ノーゲーム・ノーライフ ゼロ","Adventure-Action-Anime-Fantasy-Animation-Comedy-Drama-Romance","R"
2021-00-21 21:14:03,"6.5","Japan","Ocean Waves","N/A","Keiko Niwa","1993",1:13:36,"N/A","The main character travels to his hometown for his high school reunion. During the trip, he recalls the memories of the days in high school. Friendship, subtle love, a trip to Tokyo and so on all came back to him as the film evolves.","Tomomi Mochizuki","Studio Ghibli","N/A","1993-05-05","Nobuo Tobita-Toshihiko Seki-Youko Sakamoto-Yuri Amano-Kae Araki-Jun ichi Kanemaru-Ai Satou-Aya Hisakawa-Tomokazu Seki-Hikaru Midorikawa-Ako Mayama-Sumi Shimamoto-Reiko Suzuki",N/A,"8.9","海がきこえる","Romance-Animation-Drama-TV Movie-Anime","PG"
2021-00-21 21:14:00,"8.3","Japan","Only Yesterday","I’m going on a trip with Me","Isao Takahata","1991",1:59:16,"N/A","It’s 1982, and Taeko is 27 years old, unmarried, and has lived her whole life in Tokyo. She decides to visit her family in the countryside, where she begins to reconnect to forgotten longings. In lyrical switches between the present and the past, Taeko contemplates the arc of her life, and wonders if she has been true to the dreams of her childhood self.","Isao Takahata","Studio Ghibli","N/A","1991-07-20","Miki Imai-Toshirō Yanagiba-Yoko Honna-Mayumi Iizuka-Masahiro Itou-Chie Kitagawa-Yoshimasa Kondô-Yuuki Masuda-Yuki Minowa-Michie Terada-Yorie Yamashita-Ichirō Nagai-Issey Takahashi",N/A,"10","おもひでぽろぽろ","Animation-Drama-Romance","PG"
2021-00-21 21:13:59,"9.4","Japan","Perfect Blue","The color of illusion is Perfect Blue.","Sadayuki Murai-Yoshikazu Takeuchi","1997",1:22:42,"N/A","Mima leaves the idol group CHAM, in order to pursue her dream as an actress. Mima climbs up the rocky road to success by performing as rape victims and posing nude for magazines, but is haunted by her reflections of the past.","Satoshi Kon","Rex Entertainment","N/A","1997-08-05","Junko Iwao-Rica Matsumoto-Shinpachi Tsuji-Masaaki Okura-Yousuke Akimoto-Yoku Shioya-Hideyuki Hori-Emi Shinohara-Masashi Ebara-Kiyoyuki Yanada-Tōru Furusawa-Shiho Niiyama-Emiko Furukawa-Aya Hara-Shin-ichiro Miki-Jin Yamanoi-Takashi Nagasako-Megumi Tano-Emi Motoi-Akio Suyama-Osamu Hosoi-Kōichi Tōchika-Soichiro Hoshi-Kisho Taniyama-Shokkâ Ôno-Rofuto Purasu Wan Burazâzu-Makoto Kitano-Kaori Minami",N/A,"N/A","パーフェクトブルー","Animation-Thriller-Mystery-Crime","R"
2021-00-21 21:13:42,"8","Japan","The Place Promised in Our Early Days","Against all odds, a promise will be kept.","Makoto Shinkai","2004",1:30:19,"N/A","In a post-war alternative timeline, Japan is divided into the North, controlled by the Union, and the South, controlled by the United States. A mysterious high tower rises within the borders of the Union. Three high school students promise to cross the border with a self-built airplane and unravel the secret of the tower.","Makoto Shinkai","CoMix Wave Films","Place Promised in Our Early Days","2004-11-20","Hidetaka Yoshioka-Masato Hagiwara-Yuuka Nanri-Unsho Ishizuka-Kazuhiko Inoue-Risa Mizuno-Hidenobu Kiuchi-Masami Iwasaki-Eiji Takemoto-Takahiro Hirano-Takeshi Maeda-Yûki Nakao-Rie Nakagawa",N/A,"8","雲のむこう、約束の場所","Animation-Adventure-Drama-Romance-Science Fiction","TV-PG"
2021-00-21 21:13:59,"7.7","Japan","Pom Poko","A Fantastic Tale Of Survival","Hayao Miyazaki-Isao Takahata-Kenji Miyazawa","1994",1:59:11,"N/A","As the human city development encroaches on the raccoon dog population s forest and meadow habitat, the raccoon dogs find themselves faced with the very real possibility of extinction. In response, the raccoon dogs engage in a desperate struggle to stop the construction and preserve their home.","Isao Takahata","Studio Ghibli","N/A","1994-07-16","Shinchou Kokontei-Makoto Nonomura-Nijiko Kiyokawa-Shigeru Izumiya-Kosan Yanagiya-Norihei Miki-Yuriko Ishida-Akira Kamiya-Takehiro Murata-Bunshi Katsura-Gannosuke Ashiya-Beichou Katsura-Yumi Ichihara-Akira Fukuzawa-Kobuhei Hayashiya-Shiho Nagai-Megumi Hayashibara-Osamu Kato-Kevin Michael Richardson",N/A,"8.5","平成狸合戦ぽんぽこ","Animation-Family-Adventure-Fantasy-Comedy-Drama","PG"
2021-00-21 21:13:58,"8.3","Japan","Ponyo","Welcome to a world where anything is possible.","Hayao Miyazaki","2008",1:41:25,"N/A","The son of a sailor, 5-year old Sosuke, lives a quiet life on an oceanside cliff with his mother Lisa. One fateful day, he finds a beautiful goldfish trapped in a bottle on the beach and upon rescuing her, names her Ponyo. But she is no ordinary goldfish.","Hayao Miyazaki","Studio Ghibli","N/A","2008-07-19","Yuria Nara-Hiroki Doi-George Tokoro-Tomoko Yamaguchi-Yuki Amami-Kazushige Nagashima-Akiko Yano-Shinichi Hatori-Tokie Hidari-Rumi Hiiragi-Tomoko Naraoka-Kazuko Yoshiyuki-Eimi Hiraoka-Nozomi Ōhashi-Akiko Takeguchi-Eiko Kanazawa-Akihiko Ishizumi-Tomie Kataoka-Shiro Saito-Mutsumi Sasaki-Keiko Tsukamoto-Ikuko Yamamoto-Michiko Yamamoto-Yoshie Yamamoto-Yusuke Tezuka",N/A,"9.1","崖の上のポニョ","Family-Animation-Comedy-Fantasy-Adventure","G"
2021-00-21 21:13:57,"8.7","Japan","Porco Rosso","A Pig s Got to Fly","Hayao Miyazaki","1992",1:33:20,"N/A","In Early 1930 s era Italy air pirates, bounty hunters and high fliers of all sorts rule the skies. The most cunning and skilled of these pilots is Porco Rosso. A former Ace, he now makes a living flying contract jobs, such as rescuing those kidnapped by air pirates. Donald Curtis, Porco s rival in the air and in catching the affections of women, provides a constant challenge to the hero, culminating in a hilarious, action packed finale.","Hayao Miyazaki","Studio Ghibli","N/A","1992-07-18","Shûichirô Moriyama-Tokiko Katô-Sanshi Katsura-Tsunehiko Kamijô-Akemi Okamura-Akio Otsuka-Hiroko Seki-Reizō Nomoto-Osamu Saka-Yu Shimaka-Mahito Tsujimura-Minoru Yada-Yoko Soumi",N/A,"9.5","紅の豚","Fantasy-Romance-Animation-Adventure-Comedy-Family","PG"
2021-00-21 21:13:32,"9.4","Japan","Princess Mononoke","The Fate Of The World Rests On The Courage Of One Warrior.","Neil Gaiman","1997",2:13:23,"1","On a journey to find the cure for a Tatarigami s curse, Ashitaka finds himself in the middle of a war between the forest gods and Tatara, a mining colony. In this quest he also meets San, the Mononoke Hime.","Hayao Miyazaki","Studio Ghibli","N/A","1997-07-12","Yōji Matsuda-Yuriko Ishida-Yūko Tanaka-Kaoru Kobayashi-Masahiko Nishimura-Tsunehiko Kamijô-Sumi Shimamoto-Tetsu Watanabe-Mitsuru Satô-Akira Nagoya-Akihiro Miwa-Mitsuko Mori-Hisaya Morishige",N/A,"9.3","もののけ姫","Action-Adventure-Fantasy-Animation-Anime","PG-13"
2021-00-21 21:13:40,"8","Belgium-France-Japan","The Red Turtle","One of the Best Films of the Year! A Knockout!","Pascale Ferran-Michael Dudok de Wit","2016",1:21:36,"1","A man is shipwrecked on a deserted island and encounters a red turtle, which changes his life.","Michael Dudok de Wit","Why Not Productions","Red Turtle","2016-06-29","Emmanuel Garijo-Tom Hudson-Baptiste Goy-Axel Devillers-Barbara Beretta",N/A,"9.3","La tortue rouge","Science Fiction-Family-Drama-Fantasy-Animation","PG"
2021-00-21 21:14:40,"8.5","Japan","The Secret World of Arrietty","Do not be seen by humans. That s been the law of children of the underfloor.","Hayao Miyazaki-Keiko Niwa","2010",1:35:01,"N/A","The Clock family are four-inch-tall people who live anonymously in another family s residence, borrowing simple items to make their home. Life changes for the Clocks when their teenage daughter, Arrietty, is discovered.","Hiromasa Yonebayashi","Studio Ghibli","Secret World of Arrietty","2010-07-17","Mirai Shida-Ryunosuke Kamiki-Tomokazu Miura-Keiko Takeshita-Kirin Kiki-Shinobu Otake-Tatsuya Fujiwara",N/A,"9.5","借りぐらしのアリエッティ","Fantasy-Animation-Family-Adventure","G"
2021-00-21 21:14:53,"9.3","Japan","A Silent Voice: The Movie","Sometimes the answer is as simple as learning to listen.","Reiko Yoshida-Yoshitoki Oima","2016",2:10:42,"N/A","The story revolves around Shôko Nishimiya, a grade school student who has impaired hearing. She transfers into a new school, where she is bullied by her classmates, especially Shôya Ishida. It gets to the point where she transfers to another school and as a result, Shôya is ostracized and bullied himself, with no friends to speak to and no plans for the future. Years later, he epicly sets himself on a path to redemption.","Naoko Yamada","Kyoto Animation","Silent Voice: The Movie","2016-09-17","Miyu Irino-Saori Hayami-Aoi Yuki-Kensho Ono-Yuki Kaneko-Yui Ishikawa-Megumi Han-Toshiyuki Toyonaga-Mayu Matsuoka-Sachiko Kojima-Hana Takeda-Fuminori Komatsu-Ikuko Tani-Erena Kamata-Ayano Hamaguchi-Ryunosuke Watanuki-Ryo Nishitani-Takuya Masumoto-Satsuki Yukino-Akiko Hiramatsu",N/A,"9.4","映画 聲の形","Drama-Anime-Animation","PG-13"
2021-00-21 21:13:29,"9.6","Japan","Spirited Away","The tunnel led Chihiro to a mysterious town.","Hayao Miyazaki","2001",2:05:32,"1","A young girl, Chihiro, becomes trapped in a strange new world of spirits. When her parents undergo a mysterious transformation, she must call upon the courage she never knew she had to free her family.","Hayao Miyazaki","Studio Ghibli","N/A","2001-07-20","Rumi Hiiragi-Miyu Irino-Mari Natsuki-Takashi Naitō-Yasuko Sawaguchi-Tatsuya Gashūin-Ryunosuke Kamiki-Yumi Tamai-Yo Oizumi-Koba Hayashi-Tsunehiko Kamijô-Takehiko Ono-Bunta Sugawara-Shigeru Wakita-Shiro Saito-Michiko Yamamoto-Keiko Tsukamoto-Akio Nakamura-Shinji Tokumaru-Kaori Yamagata-Yayoi Kazuki-Masahiro Asano-Kazutaka Hayashida-Ikuko Yamamoto-Mina Meguro-Tetsurô Ishibashi-Katsutomo Shîbara-Shinobu Katabuchi-Noriko Kitou-Naoto Kaji-Yoshitaka Sukegawa-Aki Tachikawa-Noriko Yamaya-Katsuhisa Matsuo-Masayuki Kizu-Yôko Ôno-Sachie Azuma-Ken Yasuda-Shigeyuki Totsugi-Mayumi Saco-Sonoko Soeda-Akiko Tomihira-Minako Masuda-Orika Ono-Rina Yamada-Miwa Takachi-Hiromi Takeuchi-Makiko Oku",N/A,"9.7","千と千尋の神隠し","Fantasy-Adventure-Family-Mystery-Anime-Animation","PG"
2021-00-21 21:13:25,"N/A",N/A,"Tales From Earthsea","N/A",N/A,"2014",1:51:48,"N/A","N/A",N/A,"N/A","N/A","1900-01-01",N/A,N/A,"N/A","N/A",N/A,"N/A"
2021-00-21 21:13:38,"7.5","Japan","Time of Eve: The Movie","ボクラノキョリ","Yasuhiro Yoshiura","2010",1:47:40,"N/A","In a not too distant future, a young man s outlook on his home android begins to change after tracking the android s behavioral log to a mysterious cafe.","Yasuhiro Yoshiura","Studio Rikka","N/A","2010-03-06","Jun Fukuyama-Rie Tanaka-Kenji Nojima-Yukana-Michio Nakao-Miki Ito-Motomu Kiyokawa-Miyuki Sawashiro-Tomokazu Sugita-Rina Sato",N/A,"N/A","イヴの時間","Animation-Romance-Science Fiction-Drama-Anime","PG-13"
2021-00-21 21:13:37,"9.1","Japan","Tokyo Godfathers","Meet the ultimate dysfunctional family.","Keiko Nobumoto","2003",1:32:47,"N/A","Christmas in Tokyo, Japan. Three homeless friends: a young girl, a transvestite, and a middle-aged bum. While foraging through some trash, they find an abandoned newborn. Hana, the transvestite with delusions of being a mother, convinces the others to keep it overnight. The next day, using a key found with the baby, they start tracking down the parents, with many adventures along the way.","Satoshi Kon","Tokyo Godfathers Production Committee","N/A","2003-11-08","Aya Okamoto-Yoshiaki Umegaki-Toru Emori-Satomi Korogi-Mamiko Noto-Ryūji Saikachi-Kyoko Terase-Rikiya Koyama-Hiroya Ishimaru-Koichi Yamadera-Akio Otsuka-Yusaku Yara-Seizō Katō-Shozo Iizuka",N/A,"9.1","東京ゴッドファーザーズ","Animation-Drama-Comedy-Adventure","PG-13"
2021-00-21 21:24:09,"9.6","China-Japan","Weathering with You","A story about the secret of this world that only I and she know.","Makoto Shinkai","2019",1:52:14,"N/A","A high-school boy who has run away to Tokyo befriends a girl who appears to be able to manipulate the weather.","Makoto Shinkai"," Weathering With You  Film Partners","N/A","2019-07-19","Kotaro Daigo-Nana Mori-Tsubasa Honda-Sakura Kiryu-Sei Hiraizumi-Yuki Kaji-Chieko Baisho-Shun Oguri-Sumi Shimamoto-Ryohei Kimura-Kana Hanazawa-Ayane Sakura-Kana Ichinose-Masako Nozawa-Hidekatsu Shibata-Ryunosuke Kamiki-Mone Kamishiraishi-Ryo Narita-Aoi Yuki-Kanon Tani-Yuki Ominami",N/A,"9.2","天気の子","Animation-Fantasy-Romance-Drama-Anime","PG-13"
2021-00-21 21:29:36,"8.8","Japan","When Marnie Was There","Promise we ll remain a secret, forever.","Keiko Niwa-Masashi Ando-Hiromasa Yonebayashi-Joan G. Robinson","2014",1:43:42,"1","Due to 12 y.o. Anna s asthma, she s sent to stay with relatives of her guardian in the Japanese countryside. She likes to be alone, sketching. She befriends Marnie. Who is the mysterious, blonde Marnie.","Hiromasa Yonebayashi","Studio Ghibli","N/A","2014-07-19","Sara Takatsuki-Kasumi Arimura-Nanako Matsushima-Susumu Terajima-Toshie Negishi-Ryoko Moriyama-Kazuko Yoshiyuki-Hitomi Kuroki-Hiroyuki Morisaki-Takuma Otoo-Hana Sugisaki-Bari Suzuki-Shigeyuki Totsugi-Ken Yasuda-Yo Oizumi",N/A,"9.1","思い出のマーニー","Animation-Drama-Family-Mystery","PG"
2021-00-21 21:34:12,"N/A","Japan","Whisper of the Heart","I found someone I like","Hayao Miyazaki-Aoi Hiiragi","1995",1:51:57,"N/A","A young Japanese middle school girl finds that all the books she chooses in the library have been previously checked out by the same boy. Later she meets a very infuriating fellow... could it be her  friend  from the library? The boy s grandfather has a violin sales and service shop. The boy wants to be a violin maker like his grandfather.","Yoshifumi Kondou","Studio Ghibli","N/A","1995-07-15","Yoko Honna-Issey Takahashi-Takashi Tachibana-Shigeru Muroi-Shigeru Tsuyuguchi-Keiju Kobayashi-Yorie Yamashita-Maiko Kayama-Yoshimi Nakajima-Minami Takayama-Mayumi Iizuka-Mai Chiba-Satoru Takahashi-Akiko Sakaguchi-Hiromi Yasuda-Tatsuya Okada-Yoshihiro Imai-Naohisa Inoue-Suguru Egawa-Shiro Kishibe-Mitsuaki Ogawa-Toshio Suzuki",N/A,"9.4","耳をすませば","Animation-Drama-Family-Romance-Music-Anime","G"
2021-00-21 21:13:39,"8.5","Japan","The Wind Rises","We must live.","Hayao Miyazaki-Tatsuo Hori","2013",2:07:31,"N/A","A look at the life of Jiro Horikoshi, the man who designed Japanese fighter planes during World War II.","Hayao Miyazaki","Studio Ghibli","Wind Rises","2013-07-20","Hideaki Anno-Hidetoshi Nishijima-Miori Takimoto-Masahiko Nishimura-Stephen Alpert-Mansai Nomura-Jun Kunimura-Mirai Shida-Shinobu Otake-Morio Kazama-Keiko Takeshita-Sascha",N/A,"8.8","風立ちぬ","Animation-Drama-History-Biography-Romance-War-Family","PG-13"
2021-00-21 21:37:22,"9.4","Japan","Your Name.","Experience Japan s #1 film of 2016, from visionary director Makoto Shinkai","Makoto Shinkai","2016",1:47:36,"N/A","High schoolers Mitsuha and Taki are complete strangers living separate lives. But one night, they suddenly switch places. Mitsuha wakes up in Taki’s body, and he in hers. This bizarre occurrence continues to happen randomly, and the two must adjust their lives around each other.","Makoto Shinkai","CoMix Wave Films","N/A","2016-08-26","Ryunosuke Kamiki-Mone Kamishiraishi-Ryo Narita-Aoi Yuki-Nobunaga Shimazaki-Kaito Ishikawa-Kanon Tani-Masaki Terasoma-Sayaka Ohara-Kazuhiko Inoue-Chafurin-Kana Hanazawa-Shinya Hamazoe-Masami Nagasawa-Etsuko Ichihara-Yuka Terasaki-Takashi Onozuka-Kanami Satou-Shinjirō Gōda-Yasuhiro Kikuchi-Tamari Hinata-Nozomi Yamane-Yuuki Shin-Tatsuya Murakami-Nodoka Hasegawa-Baron Yamazaki-Suguru Inoue-Ryoko Usami-Miho Morisaki-Tsuyoshi Minamijima-Aika Oomae-Tomohiro Yamaguchi-Takayuki Nakatsukasa-Hiroki Matsukawa-Shouko Negoro-Yuki Ominami-Manami Hanawa-Miho Tabata-Eriko Tomioka-Eiji Yamamoto",N/A,"9.8","君の名は。","Animation-Drama-Fantasy-Romance","PG"
